id,goodreads_id,title,isbn,isbn13,documents
0,1,Harry Potter and the Half-Blood Prince Harry Potter ,0439785960,9780439785969,"3.97001902e-02  6.05363846e-02  1.81488196e-02  6.57342275e-02
 -4.62951660e-02  4.38836416e-02  6.22011820e-02 -9.85228221e-02
  9.01902517e-02  4.24336592e-02  1.21850967e-02 -8.10925166e-02
 -6.20142619e-03  1.32878621e-03 -1.08629862e-01  9.21670596e-02
  5.37087123e-02  5.72465261e-02  7.25555420e-03 -6.97437922e-02
 -3.38745117e-03  5.90845744e-02 -9.36138630e-03  3.25520833e-03
  4.16436195e-02 -3.88959249e-02 -4.03124491e-02  4.83678182e-02
  3.26398214e-02 -6.15921021e-02 -9.86480713e-03  6.66554769e-03
 -4.75238164e-02  4.86373901e-03 -3.56674194e-03  6.01780415e-03
  4.53612010e-02 -2.56296794e-02  2.58088112e-02  2.63996124e-02
  7.09665616e-02 -3.84801229e-02  8.08785756e-02  1.15528107e-02
  1.65505409e-02 -4.40273285e-02 -2.98301379e-02  1.73775355e-02
  1.11983617e-02  1.56542460e-02 -1.96444194e-02  8.25363795e-02
 -1.03365580e-02 -1.22281710e-02  8.08080037e-03 -1.81530317e-02
 -4.59057490e-02 -1.12199726e-01 -6.89824422e-05 -5.00119527e-02
 -1.59924825e-02  7.36230214e-02 -1.55386925e-02 -2.53496965e-02
 -6.95069631e-03 -3.84170214e-02 -7.42340088e-03  7.67860413e-02
  1.04370117e-02  4.20837402e-02  4.06240125e-02  1.54352188e-03
  2.76692708e-02  4.43585714e-03 -1.05766296e-01 -1.01477305e-02
  6.09368881e-02  5.04469673e-02  2.44224072e-02  3.35261027e-02
  3.81271044e-02 -1.03534857e-02 -2.32766271e-02 -3.22666168e-02
  1.97448730e-02 -3.74712944e-02 -1.05846127e-01  5.54648240e-02
  3.83965174e-02  5.46290080e-02  5.04693985e-02 -3.27307383e-02
 -8.96488031e-02 -3.41009299e-02  1.16430918e-02 -1.62592729e-02
  4.99750773e-02 -7.18434652e-05 -8.60150655e-03 -2.49131521e-02
 -3.15145651e-02  2.16407776e-02  4.77218628e-02 -5.17501831e-02
 -6.22603893e-02 -5.63722452e-02 -2.21544902e-02 -2.07265218e-03
  2.77221998e-02 -3.17465464e-02  6.52345022e-03  2.18823751e-02
 -1.36292775e-02  1.67771975e-02  1.07064565e-01  1.51246389e-02
 -1.98904673e-03  8.49660238e-03  1.43200556e-01  6.68570201e-02
 -3.92723083e-02 -2.21366882e-02 -3.04056803e-02  1.65634155e-02
 -5.73760370e-02 -5.30840556e-02 -1.72373454e-02  6.75900777e-03
 -6.20969137e-03  8.20188522e-02 -4.82622782e-02 -6.10930125e-02
 -9.95769501e-02  2.67131329e-02  3.57055664e-02 -2.89696852e-02
  4.01614507e-02  1.19476318e-02 -2.12726593e-02  6.86944326e-02
  5.13556798e-02 -5.97894986e-02 -1.57976151e-02  4.88637288e-02
  2.86547343e-02  1.86920166e-03 -5.74151675e-02  3.73573303e-02
 -6.70413971e-02 -1.66991949e-02  1.57032967e-01  1.97862784e-02
 -4.11230723e-02  8.92499288e-02 -5.45148849e-02 -1.82336171e-02
 -2.22466787e-02 -3.48688761e-02 -3.19938660e-02 -5.88154793e-02
 -5.60124715e-04  7.36885071e-02  7.62914022e-02  6.63121541e-03
  2.29587555e-02 -5.46175639e-02  8.33349228e-02 -6.67006175e-02
  2.61267026e-03  4.11497752e-02 -1.59699122e-02 -3.19099426e-03
 -5.84840775e-03 -1.18904114e-01  4.40584421e-02 -3.34628423e-02
  4.11440531e-02 -5.65109253e-02 -2.93984811e-02 -4.20608521e-02
 -6.37111664e-02 -8.17578634e-02  3.02584966e-02 -4.14952040e-02
 -3.46213977e-02  1.12107595e-02 -2.43047078e-02  5.54955800e-02
  9.07548269e-02  4.58412170e-02  4.73035177e-02  2.82753309e-02
  1.15127563e-02  1.19215647e-02 -2.41138935e-02  5.57053884e-02
 -1.62630081e-02 -2.74860859e-02 -5.80081940e-02 -5.03096581e-02
 -5.07465998e-03  3.46654256e-02 -4.06764348e-02 -6.33379618e-02
  1.95347071e-02 -8.68364970e-02 -2.21405029e-02 -1.77240372e-02
 -2.91082859e-02 -3.58810425e-02 -6.99068705e-02  1.47364934e-02
 -2.36487389e-02  4.11526362e-03 -5.67634900e-02  2.25156148e-02
  5.21403948e-02  7.33184814e-03 -1.00586732e-01 -2.22330093e-02
  8.41013590e-03  1.98815664e-02  6.15692139e-03 -8.81860654e-04
  1.07259750e-02 -3.74952555e-02  4.19481595e-02 -3.57535680e-02
 -2.86191702e-02 -1.37341817e-02 -1.69722239e-02 -4.11602656e-02
 -5.73399862e-02  1.93214417e-02  6.51245117e-02 -3.57917150e-02
  7.46059418e-03 -4.67659632e-02  2.45215098e-02 -9.49160258e-03
  4.66262499e-02 -7.51708349e-02 -4.79354858e-02 -6.51766459e-02
  2.27560997e-02  4.53910828e-02  2.03519861e-02  1.62261327e-02
  1.17745101e-02 -2.08549500e-02 -7.45773315e-03  3.45611572e-02
  4.72466151e-02  6.70689742e-02  5.22880554e-02 -6.18534088e-02
  1.26705964e-02  7.53800074e-03 -6.42553965e-02 -7.74383545e-04
  3.18030516e-02 -5.08683523e-02 -3.99184227e-02  4.06087240e-02
  1.31333669e-02  1.00888570e-01 -4.16018168e-02  4.60875034e-03
 -9.15691058e-02 -4.44631179e-02  1.93457603e-02  5.64014912e-02
  2.09147135e-02 -1.04893049e-02  2.08843549e-02 -8.29970042e-02
 -2.48018901e-02 -5.49844106e-02 -6.53584798e-02  6.59831365e-03
  4.39383189e-02 -3.01510493e-02  3.72978052e-02  8.23307037e-02
  3.89724871e-02  5.47329585e-03 -9.99462207e-02  4.48328654e-02
  2.59145101e-02  3.93274625e-02 -7.04278946e-02  2.75688171e-02
 -1.02910360e-01 -1.82126363e-02 -7.61785507e-02 -3.17026774e-02
  3.11279297e-03 -9.68583425e-03 -1.83414618e-02  7.15255737e-02"
1,2,Harry Potter and the Order of the Phoenix Harry Potter ,0439358078,9780439358071,"0.12820783  0.04665353  0.00459551  0.0801409  -0.09026947 -0.01032475
  0.04976458 -0.11200126  0.15054583  0.14620547  0.01184431 -0.09523277
 -0.00230103  0.04194162 -0.10492597  0.08944571  0.03112619  0.08844572
  0.0122624  -0.10057     0.0098877   0.01247733 -0.0330071   0.04992305
  0.05483732 -0.0288923  -0.01881174 -0.01478751  0.08788474 -0.03338797
 -0.01655622  0.00565491  0.01118513  0.00579311 -0.04756993 -0.03171561
  0.00944911  0.04483817  0.03766741  0.06708156  0.06805594 -0.06386196
  0.06908787 -0.02542725 -0.06531917 -0.03798305 -0.02345145  0.03727591
 -0.01985365  0.02828195 -0.06943621  0.08371233 -0.06411198  0.00823015
  0.01913823 -0.04216657 -0.04219055 -0.02804827  0.01522391 -0.10038888
 -0.03207474  0.07689383  0.01776123 -0.02780282  0.01404855 -0.06576364
 -0.04511065  0.0693246  -0.01050502  0.07033343 -0.02542986 -0.01017194
  0.08567418  0.00065656 -0.10058376 -0.08347255  0.07563782  0.06112671
  0.06270926  0.04953788  0.03956713  0.03296422 -0.0130188  -0.04247524
 -0.05091727 -0.07830985 -0.12727661  0.07697144  0.01865278  0.04134347
  0.02440098 -0.03577881 -0.11307417 -0.02539411 -0.05934579 -0.04540097
 -0.00570286 -0.00644095 -0.03570295 -0.10201852 -0.0611642  -0.02881557
  0.0496957  -0.03466622 -0.04517866 -0.06871381 -0.04934954 -0.00364641
 -0.02929317 -0.05410374 -0.01902553  0.00059378 -0.03079398  0.03998675
  0.1060791   0.00711365  0.00206081  0.01124093  0.05139771  0.05193743
 -0.09666922  0.03250296 -0.05770307  0.07314104 -0.10678253 -0.04948469
  0.01620745 -0.03977661  0.0118042   0.03712943 -0.06348703 -0.00051967
 -0.06571045 -0.04721418 -0.02263009 -0.04376482  0.05280326  0.03725455
 -0.06196638  0.05230887 -0.01225412 -0.09400548 -0.00206299  0.01854553
 -0.01858869 -0.00403878 -0.01204834  0.00687343 -0.07827715 -0.05325274
  0.10696847  0.09155535 -0.04520918  0.06163003 -0.06347133 -0.0346489
 -0.01342991 -0.18927525 -0.02325745 -0.05268032 -0.03080793  0.02217146
  0.11574871 -0.04351283 -0.01560582 -0.06036203  0.01254796 -0.05710591
  0.03273228  0.0386249  -0.00372567  0.02475673 -0.06917812 -0.12377407
 -0.00465262 -0.00094692  0.03942784 -0.08607003 -0.00327323 -0.05205601
 -0.1221623  -0.03821542  0.04079775 -0.03605259 -0.04651402 -0.03384356
  0.02448033  0.02367118  0.09596994  0.07137364  0.01939436  0.02545035
  0.02557722  0.02581651 -0.1005249   0.0591762   0.00796334  0.0355399
 -0.0939427  -0.04867118 -0.00547834  0.02803497 -0.01101423 -0.09624372
  0.03939558 -0.05449851 -0.01010873  0.00634504  0.0012364  -0.00817958
 -0.12520403  0.04453125 -0.03691232 -0.06086644 -0.08404977  0.00875942
  0.05849609  0.03771449 -0.12539411  0.07467651  0.01789769  0.05124512
  0.05829599  0.03577096 -0.01613857 -0.00501447  0.08157567  0.00861337
  0.0226957   0.02745013 -0.00740596  0.007884   -0.00199149  0.07400905
  0.10117362 -0.04155649 -0.01522042 -0.08636213  0.06285575 -0.02146345
  0.01903774 -0.01343035 -0.01922662 -0.06334621 -0.00230059  0.03941476
  0.05885707 -0.07253467  0.0173039  -0.02010847  0.01542446  0.06322283
  0.04434989  0.09145726  0.03419582 -0.07609841  0.01834466 -0.03729248
 -0.05931309 -0.03848528 -0.00190691  0.02409319 -0.09841309  0.03604208
 -0.0025565   0.12384905 -0.02092634 -0.04401202 -0.1261176  -0.05603921
 -0.00869816  0.077485    0.06341378 -0.01397792  0.02897688  0.00452576
 -0.04413283 -0.0541905  -0.07674604  0.02425537 -0.00466657 -0.00668161
  0.02012416  0.05002921 -0.01247951 -0.05029558 -0.08365958  0.06052944
  0.04480678  0.02872053 -0.0913644   0.01243722 -0.12211914 -0.08098755
 -0.05573372 -0.03856566 -0.03405064 -0.03323626  0.03362296 -0.0362017"
2,3,Harry Potter and the Sorcerer's Stone Harry Potter ,0439554934,9780439554930,"8.20206352e-02  5.16145126e-02  7.22404148e-03  2.44969907e-02
 -3.13007521e-02  6.62443742e-02  4.13897970e-02 -4.57236249e-02
  1.32801885e-01  9.14419423e-02  2.11796968e-02 -1.01919091e-01
 -1.35975713e-02  3.14384129e-02 -1.15218287e-01  8.42782725e-02
  3.03115845e-02  7.51687755e-02  1.86339669e-02 -9.19574240e-03
  3.62157407e-02  2.60721393e-02  2.52872343e-02 -6.16745327e-03
  4.78933583e-02 -4.37728218e-03 -2.28218410e-02  6.17614414e-02
  7.22437320e-02 -7.52417523e-02 -4.23878379e-02 -5.97156027e-02
 -4.14305977e-02  5.05344557e-02 -3.40382120e-02 -3.63756263e-02
  6.10137608e-02 -6.51896933e-02 -1.43999846e-02  5.25199227e-02
  1.01595671e-01  4.32806430e-03  8.60350236e-02  8.35949442e-03
  2.41911515e-02 -4.15344238e-02  1.84923255e-02  5.06014617e-02
 -1.47797958e-02 -3.67060122e-02 -5.98262289e-02  7.02474843e-02
  9.65881348e-03 -1.38534048e-02 -1.94382046e-02 -1.25652811e-02
 -3.86942988e-02 -1.35894775e-01  1.13087530e-02 -5.91211734e-03
 -5.80497410e-06  1.28138832e-01 -1.41542683e-02 -1.81884766e-02
 -1.49748429e-02 -2.32716436e-02  1.06466542e-02  4.38842773e-02
 -6.22966601e-02  6.17546413e-02  6.04848758e-02 -3.56405507e-02
  2.86113905e-02  1.96320907e-02 -8.55752696e-02  2.26803655e-02
  6.85776420e-02  4.67317001e-02  4.32422472e-02  5.74578410e-02
  3.98088538e-02 -2.58986432e-02 -4.32493790e-02 -4.66189177e-02
 -6.48886639e-02 -6.42625560e-02 -1.16010583e-01  1.34774913e-02
  3.88946533e-02  7.61904509e-02  6.16350252e-02 -6.53606912e-03
 -9.98800526e-02 -1.14350692e-01 -2.99483590e-02  4.53335306e-03
  3.92509129e-02 -3.20806089e-02  3.60638162e-02 -3.99788566e-02
 -7.22166974e-02  5.14247728e-02  4.40276809e-02 -4.42372198e-02
 -3.15833714e-02 -4.41562818e-02  3.22099769e-02  5.77711022e-03
  3.69012252e-02 -1.12137504e-01 -3.56723951e-03  2.73132324e-03
  2.58424178e-02  1.47041653e-02  1.17577594e-01 -1.51639192e-02
  8.28054677e-03 -3.90996518e-02  1.02194745e-01  5.34300079e-02
 -9.33592423e-02 -3.12155019e-02 -9.62763247e-03  2.14888531e-02
 -6.93691088e-02 -4.26018756e-02  2.31575344e-02  1.39982804e-03
 -2.72468899e-03  1.80750308e-02 -9.41187817e-02 -3.90585194e-02
 -9.67526643e-02  2.83985967e-02  1.44500732e-02 -2.53664100e-02
  1.64401842e-02 -2.20668627e-02 -4.28745436e-02  8.08642843e-02
  4.88423887e-02 -5.50707941e-02 -1.46364958e-02  4.92858679e-02
  4.76090804e-02  2.15719472e-02 -5.47531791e-02  4.88767209e-02
 -9.55681179e-02 -9.45726478e-02  1.14812436e-01  1.52495011e-02
 -7.87794694e-02  1.00019704e-01 -3.55901303e-02 -4.90910074e-02
 -6.45267652e-02 -9.94654116e-02 -6.17964371e-03 -5.21054475e-02
 -5.35490617e-02  7.51953125e-02  7.21689307e-02 -4.65446140e-02
 -3.35162619e-03 -8.83019489e-02  6.62045686e-02 -8.67832018e-02
 -1.54717487e-02  2.45986607e-02 -1.82720682e-02  1.71022830e-02
 -2.16714610e-02 -1.08635944e-01 -1.28340099e-02 -3.09625709e-02
  2.70730724e-02 -2.34912375e-02 -3.44828730e-02 -6.63385806e-02
 -1.05068041e-01 -8.54936683e-02  1.67383111e-02 -7.87081511e-02
 -1.94709819e-02 -2.32283551e-02 -1.65334784e-02  3.24698738e-02
  9.89426323e-02  6.20918274e-02  3.59616487e-02  6.11363287e-02
  5.30297653e-02 -4.84698752e-03 -6.56709256e-02  4.54692011e-02
 -1.95931974e-02 -4.20253588e-02 -1.34762308e-01 -6.06557390e-02
  4.43146747e-02  5.80975076e-02 -3.92767865e-02 -8.42470915e-02
  4.04994799e-02 -4.99453337e-02 -4.38783065e-02 -1.27858701e-03
 -5.16383959e-02 -6.79228409e-02 -1.06795601e-01  3.83446735e-02
  5.05862029e-04 -4.47925070e-02 -7.27187447e-02  2.56778883e-02
  4.70129925e-02  2.54065472e-02 -1.00407808e-01 -1.51911197e-02
  2.91568922e-02  4.64723007e-02  2.27355957e-02 -4.18687903e-03
  2.66690462e-02  1.78710274e-03  3.89185366e-02  3.68719943e-02
 -3.59745855e-02 -2.65688689e-02  4.30218240e-02  6.62413887e-03
 -4.12663999e-02  5.07543813e-02  9.57296620e-02  2.84642759e-03
 -1.07111471e-02 -4.89367609e-02  9.01935412e-02  9.19642656e-04
  7.66969764e-02 -8.37508492e-02 -1.04320360e-02 -1.02537404e-01
  3.06556328e-02  5.43849779e-02  5.17117459e-02 -4.71851100e-03
  1.73970927e-02 -7.68087636e-02  1.09398883e-02  5.75251165e-02
  8.95782139e-02  8.73681773e-02  2.68687373e-02 -9.38171718e-02
 -4.75555917e-03 -5.96466064e-02 -6.47364077e-02 -8.32897684e-02
 -1.75420512e-02 -5.33569999e-02 -8.26339722e-02  5.06130716e-02
  2.94030231e-03  1.04673137e-01 -3.26292618e-02  2.47610341e-02
 -1.41623787e-01 -1.64529552e-03  4.02696858e-02  6.92443848e-02
  7.14389967e-02 -1.48139622e-02  3.78155916e-02 -6.88118313e-02
 -3.18528880e-02 -1.50285804e-02 -2.98322595e-02  3.85009102e-02
  4.47493843e-02 -2.25299338e-02  8.42749554e-03  5.67155921e-02
  3.59762441e-02  1.12516984e-02 -1.44790649e-01  6.12607210e-03
  2.14599941e-02  2.58842137e-02 -8.46358590e-02  2.91635265e-02
 -1.32207456e-01 -1.36873567e-02 -1.02816374e-01 -2.37267536e-02
 -2.15746009e-03 -2.33734794e-02  2.69685828e-02  1.71774159e-02"
3,4,Harry Potter and the Chamber of Secrets Harry Potter ,0439554896,9780439554893,"0.11813609  0.04971059  0.03344917  0.0873642  -0.07156372  0.05728149
  0.02845256 -0.05641588  0.07720311  0.06476084 -0.01927567 -0.12048213
 -0.03811646 -0.03238678 -0.16464361  0.08030955  0.00526873  0.08868408
  0.04718939 -0.0669988   0.009257    0.03997739 -0.0121994  -0.0985616
  0.02598842 -0.01926931  0.00098419  0.0314153   0.05152925  0.00841014
 -0.09092712  0.00662422  0.01637109  0.01370366 -0.00804138 -0.03322601
  0.02786255 -0.05213928  0.0046641   0.12006251  0.10248947 -0.11878014
  0.13528442  0.01622009  0.01723385 -0.03113683  0.00139364  0.06052144
  0.05714417  0.02010862 -0.06900024  0.05365849 -0.00874519 -0.05357615
 -0.00024835  0.01936086  0.02364095 -0.15494982  0.04526075 -0.08274333
  0.00822131  0.10684713 -0.01120249 -0.03001531 -0.00727081 -0.00065613
 -0.0116787   0.0658137  -0.07707214  0.086387    0.05756124 -0.01379585
  0.03469499  0.00866954 -0.1316754   0.00996399  0.01373514  0.06977844
  0.05329164  0.0782369   0.05299314 -0.00562286 -0.03818003 -0.04607137
 -0.06089528 -0.05804173 -0.09791056  0.09094079  0.02014287  0.05644703
  0.04746755  0.02184041 -0.11196391 -0.04373678 -0.03029887 -0.02044932
  0.03827159  0.05182362  0.01668803 -0.00760651 -0.06351725 -0.0138092
  0.03649775 -0.06722005 -0.02514648 -0.07639873  0.05673981  0.01974964
 -0.02509848 -0.07100423 -0.07967122  0.0128994   0.03494771  0.01184336
  0.09464757 -0.03242747  0.00588481  0.00388336  0.08640544  0.06766897
 -0.10540899 -0.0420564  -0.05294116  0.01045736 -0.09979121  0.02584076
  0.02290853 -0.01501465  0.05053457  0.0604442  -0.13997396 -0.07770665
 -0.0861454   0.07752355 -0.03780667 -0.02265422  0.04397837  0.02426147
 -0.04193115  0.07768885  0.0309186  -0.05935796  0.00321706  0.04258092
  0.04671097 -0.00855509 -0.09295551  0.05581538 -0.08684285 -0.08222644
  0.12242381 -0.00892067 -0.08882713  0.07276917 -0.01576742 -0.0475076
 -0.00887299 -0.10009829 -0.00067774 -0.05575625 -0.02287292  0.08136177
  0.03117021 -0.00646655  0.04308828 -0.04514567  0.08172226 -0.06646729
  0.02986399  0.04406738  0.00792599 -0.01621755 -0.02904987 -0.05037944
 -0.01540001 -0.02406247  0.05493673 -0.03612137 -0.03910891 -0.0104173
 -0.05816015 -0.0647583   0.03391472 -0.06495539 -0.02251561  0.03818448
 -0.01727804  0.03224691  0.01432165 -0.00267377  0.01430384  0.0310262
  0.03265889  0.04644394 -0.02745183  0.07165527 -0.04289754 -0.04011027
 -0.13434092 -0.04074351  0.02227783  0.02144877 -0.02548726 -0.04806519
  0.07411194 -0.05721029  0.00081126 -0.01543681 -0.05452474 -0.05145772
 -0.11193339 -0.01026154 -0.00254822  0.00987498 -0.09668732  0.00967407
  0.05537415 -0.03818766 -0.09010315  0.06374105 -0.00294737  0.00880432
  0.0225449   0.02161344  0.04334259 -0.02235778  0.03910796  0.04543813
 -0.01793957  0.00830587 -0.0082953   0.03714848 -0.02812068  0.0704937
  0.05515401 -0.02545452  0.0055877  -0.06726456  0.07094479  0.05253665
  0.10834038 -0.06421153 -0.04427083 -0.06996409  0.01303355  0.01703517
  0.05808385  0.02018897  0.02164841 -0.09042867 -0.03972117  0.05561574
  0.06405385  0.08161163  0.06581624 -0.08496857 -0.0061175   0.02219391
 -0.01079623 -0.04008357  0.01196321 -0.02669779 -0.12036641  0.03526596
  0.01951345  0.06949234 -0.06289037 -0.00828139 -0.07164129 -0.03265889
  0.04032135  0.10790062  0.07599131  0.02400335  0.02241007 -0.06046311
 -0.02593486 -0.04205704  0.00167338  0.00936127  0.01460234 -0.01511606
  0.0194397   0.0884819   0.07069651  0.01697516 -0.0925293  -0.02346802
  0.03610738  0.04629866 -0.06576792  0.01438141 -0.09615072 -0.0028975
 -0.06041209 -0.00939878 -0.01135    -0.00779215  0.04748917  0.02691142"
4,5,Harry Potter and the Prisoner of Azkaban Harry Potter ,043965548X,9780439655484,"0.05991523  0.02179736  0.03548165  0.04284242 -0.00045138  0.01236956
  0.06269872 -0.06682631  0.09341786  0.06950627  0.02325741 -0.12449327
  0.00068345  0.00117599 -0.1009415   0.07784928  0.05249775  0.06976141
  0.02249216 -0.05592666  0.00599564  0.05062139  0.00883573  0.00376324
 -0.00429701 -0.06365044 -0.03585744  0.08607217  0.07187103 -0.02092796
 -0.04807157 -0.02523804 -0.01585885  0.02110432 -0.01364349  0.00071539
  0.04217103 -0.03089231  0.02390236  0.06468431  0.06505212 -0.05093402
  0.08227113  0.02767944  0.00748182 -0.01228537  0.02958218  0.06405178
  0.00870532  0.01933679 -0.06053836  0.06920464 -0.01490819  0.00570324
  0.03525934 -0.00605832 -0.05567258 -0.05821051 -0.02018276 -0.05964838
 -0.03039861  0.05747454  0.00620594 -0.05335369  0.00767934  0.03706963
 -0.03017763  0.04174059 -0.02298577  0.06937     0.03833185  0.00410213
  0.00323593  0.00706446 -0.1052608   0.01086869  0.02600311  0.04949399
  0.09111076  0.07375158  0.06969647 -0.0279376  -0.03161337 -0.04690126
 -0.01252569 -0.0307163  -0.12846339  0.08545215  0.02049894  0.02862252
  0.04722347 -0.02365893 -0.11331771 -0.06378813 -0.05178691 -0.01092103
  0.08975291  0.01229291 -0.01351893 -0.0544462  -0.03256013  0.02115791
  0.02789495 -0.04395099 -0.05362009 -0.05439368 -0.00634695  0.00642785
  0.00603574 -0.08517385 -0.01103991  0.03115774 -0.01309346  0.00900198
  0.09252078  0.00409007  0.00661167 -0.04251453  0.07532732  0.07764214
 -0.08048195 -0.01418854 -0.037514   -0.00323912 -0.05506258 -0.0255425
 -0.01147674  0.02230338 -0.0213635   0.04143152 -0.08293258 -0.08180698
 -0.11140584  0.01670802 -0.01033588 -0.01050372  0.04518979  0.02976741
 -0.01321198  0.07557643  0.04508546 -0.06753611 -0.01247388  0.0611653
  0.03727758  0.02218983 -0.02358583  0.05116236 -0.05971651 -0.05767893
  0.11696465 -0.0152886  -0.05054811  0.06963331 -0.08079795 -0.06809802
 -0.02722949 -0.0932163  -0.00837743 -0.10616622  0.00048668  0.0994504
  0.05442278  0.05595788 -0.00662586 -0.0455081   0.07346646 -0.06053836
 -0.00310712  0.02599113  0.01663847 -0.02522384 -0.02080234 -0.10867895
 -0.01067831  0.01345541  0.0819483  -0.04245137 -0.03654019  0.00906301
 -0.07364921 -0.05959906  0.02793467 -0.06561279 -0.03898649 -0.00632424
 -0.02846155  0.03409026  0.10260719  0.06515024  0.02985426  0.01446977
 -0.01137809 -0.00560956 -0.02159367  0.04712269 -0.02136301 -0.03858611
 -0.09379116 -0.06534967 -0.03919522  0.03416336 -0.02736078 -0.06614933
  0.02788881 -0.06232683 -0.0484094  -0.02519333 -0.05830241 -0.01257537
 -0.07620736  0.03018082 -0.00523146 -0.01894077 -0.09122769  0.00357552
  0.03834285  0.01849516 -0.11108221 -0.01621442 -0.02198046  0.03487804
  0.05502745  0.01228652  0.04357626 -0.04576022  0.01724172  0.00028224
 -0.0085824  -0.03591812  0.01387286  0.02368945 -0.00935186  0.03379077
  0.07604697 -0.022473   -0.0329384  -0.02087402  0.0544957   0.01558668
  0.06933452 -0.08801624 -0.02024664 -0.11214962 -0.00471461  0.03786664
  0.00321918 -0.02363054  0.019126   -0.05156619  0.00468835  0.06664897
  0.06054475  0.13012411  0.01159242 -0.04112066  0.02351912 -0.05528934
 -0.05344231 -0.00658612 -0.01299033  0.00191906 -0.09263309  0.00124162
  0.0011696   0.07913563 -0.03679746 -0.00074662 -0.11313966 -0.01104129
  0.01853624  0.08226971  0.04612448 -0.0136591   0.03338667 -0.05286496
 -0.02477264 -0.07293559 -0.03407997  0.00274516  0.0299436  -0.03855435
  0.02978977  0.09160241  0.01016164 -0.01023403 -0.12085232  0.01580527
  0.01855824  0.05039091 -0.06948533  0.04590695 -0.12828312 -0.05893157
 -0.07229792 -0.01715798  0.02333379 -0.03998158 -0.01331702  0.00791292"
5,6,Harry Potter and the Goblet of Fire Harry Potter ,0439139600,9780439139601,"0.03663394  0.08888004 -0.05054273  0.01657586  0.02185059  0.10006553
  0.05233604 -0.00785587  0.0415021   0.04039242  0.01559288 -0.03269075
 -0.02666915 -0.09522769 -0.12847097  0.12342915  0.09482856  0.0911014
  0.02975303 -0.08577688  0.01459704  0.04812461 -0.03881515  0.00842285
  0.0199071  -0.03240003 -0.07369192  0.03462621  0.04485763  0.00681024
 -0.04916864 -0.08503161  0.02602668  0.0747777  -0.00491012  0.02057567
 -0.02247057 -0.11003675  0.05342182  0.11256168  0.11546567 -0.02670409
  0.09535619  0.05095793 -0.02251876 -0.11086554 -0.00704795 -0.00644724
  0.0446424  -0.0169223  -0.08981363  0.04903372 -0.07170025 -0.08893465
 -0.00704675  0.02864476  0.01118028 -0.13632684 -0.03987202 -0.04611688
 -0.04662323  0.02118562 -0.01849044 -0.10593374  0.00383558 -0.00304694
 -0.03035696  0.08558414 -0.03919983  0.04806358  0.04972438 -0.07427878
  0.09135999  0.01238853 -0.09131502  0.02106034  0.09143548  0.0202444
  0.03297505  0.0273052   0.08621376 -0.0653301  -0.02557694  0.04296092
 -0.06619905 -0.07302375 -0.11004317  0.03744025  0.0020495   0.09708766
  0.07452714  0.02755577 -0.12789917 -0.11074347 -0.02911056 -0.03590152
  0.06582802 -0.00988127  0.02911457 -0.00304453 -0.03527832  0.03415881
 -0.05922498 -0.04735043 -0.0715581  -0.07812821 -0.00980096 -0.00660465
  0.04226323 -0.07713559  0.01040168  0.03300677 -0.02247379 -0.0243723
  0.05320499  0.01717015  0.00645045 -0.03331957  0.0710899   0.05648001
 -0.06136282 -0.03833008 -0.00313528 -0.00747359 -0.0377904  -0.02625797
  0.08795608  0.0703896   0.03752056  0.07306229 -0.07374332 -0.11926912
 -0.01804713  0.00568269  0.01613055 -0.06317139  0.03628701  0.00818514
 -0.01394171  0.06006823  0.06534235 -0.08102256 -0.00850477  0.05746982
  0.12294087  0.03753622 -0.02378122  0.02037088 -0.11486174 -0.05865639
  0.04560932  0.02521073 -0.05994857  0.06785824 -0.07775879 -0.09663833
 -0.06778436 -0.11679559 -0.0391661  -0.08315879 -0.00632035  0.07462993
  0.06081671 -0.04545192  0.00344367 -0.04868517  0.08655428 -0.07740543
 -0.0027241   0.05199553 -0.07720064 -0.03986881 -0.03993627 -0.05167911
  0.01593971 -0.02868452  0.10327148 -0.0729611  -0.01870888 -0.04820171
 -0.0162739  -0.06825176  0.00048607 -0.06371187  0.01436334 -0.00443629
  0.02446867  0.05390368  0.10448576  0.02040502  0.0572317   0.02350175
  0.00715718 -0.03613281 -0.0420211  -0.01430793 -0.00832648 -0.04502467
 -0.06750167 -0.10668303  0.08565481  0.07091643 -0.02431769 -0.06622636
  0.08535927 -0.06616853 -0.00416914 -0.0527151  -0.03777755  0.00935444
 -0.02430324 -0.03856137 -0.05138196 -0.01030209 -0.04952842 -0.02771799
  0.04321289 -0.04633532 -0.10449219 -0.01545796 -0.0260588   0.03297505
  0.1132419  -0.05804042 -0.01112767 -0.03277267  0.01294106  0.01227449
  0.00504383  0.04296233  0.05603027  0.01261179  0.00053968  0.08896175
  0.05540065  0.00343724  0.00150901 -0.0415553   0.06690899  0.04476447
  0.03233257 -0.05890856 -0.01265355 -0.10563098 -0.03246719  0.00209447
 -0.03115363 -0.02796053  0.04513469 -0.06455512 -0.02890657  0.00444914
  0.04365098 -0.0070351   0.03297183 -0.03940301  0.00520184  0.01079519
 -0.05583753 -0.04221063  0.02411852 -0.02279824 -0.04219778  0.0097709
  0.04309323  0.09588302 -0.01101845  0.03962467 -0.0785137  -0.03609426
  0.03980456  0.03887939  0.01408306 -0.0291748   0.09943912 -0.07845668
 -0.01059402 -0.03175113 -0.09162341  0.01792506  0.0038155  -0.00421504
 -0.03095526  0.05351016  0.10623972 -0.05391653 -0.09267225 -0.02594797
  0.00664681  0.0189723  -0.01137181  0.01062494 -0.09997559 -0.0650699
 -0.02414101  0.00245426  0.02500193 -0.02098967 -0.03426     0.039297"
6,7,The Harry Potter Collection Harry Potter - ,0439887453,9780439887458,"0.0973798   0.02449305 -0.03875912  0.09716976  0.03326775  0.0258071
  0.00217931 -0.0614274   0.07487937  0.1118541   0.02803309 -0.08173146
  0.00960002 -0.03711297 -0.07800989  0.09553169  0.05865119  0.07582362
  0.0376192  -0.08292883 -0.03880938  0.03627239 -0.02799719  0.00409295
 -0.04015754  0.00813024 -0.06466136  0.06797701  0.1003593  -0.04076071
 -0.04988726 -0.0396549  -0.0291389   0.07214355 -0.00586072 -0.02656106
  0.00515568 -0.13617841  0.03522447  0.03294283  0.14975873 -0.09024227
  0.05516142  0.05336627 -0.03325339 -0.12777889 -0.01403809  0.07445571
  0.07598159 -0.00388953 -0.03081916  0.03182804  0.01735553 -0.02437098
 -0.01465921  0.01991182 -0.0035921  -0.13030826 -0.08574834 -0.01255888
 -0.01279584  0.05184174 -0.06781006 -0.09074133 -0.07332387 -0.01267736
 -0.07849884  0.01513672 -0.04601422  0.06579769  0.10328315 -0.02916291
  0.07123476  0.00402114 -0.03471105  0.00577321 -0.01330028  0.03852036
  0.02472552  0.06923541  0.05590551  0.00783326  0.01157155 -0.01090375
 -0.01588709 -0.03533217 -0.14290843 -0.0059994   0.0499842   0.12082089
  0.0240299  -0.06204762 -0.04551787 -0.03716682  0.04342472 -0.07461189
  0.03092687  0.04185217 -0.03060734 -0.00780173  0.02005543  0.03535551
  0.00906641 -0.01302562  0.01049087 -0.05916102  0.07478961 -0.03020163
 -0.0128102  -0.03847279  0.1271111   0.13595761 -0.00105218  0.00155645
  0.04481058 -0.02007877 -0.0275834  -0.02482919  0.11071239  0.06800753
 -0.10093779 -0.00667796  0.05830653  0.03908404 -0.06784417 -0.04841524
 -0.00127815 -0.01593466 -0.03271484  0.08193072 -0.06599337 -0.04850859
 -0.08159323 -0.02924571 -0.00629919  0.04753921 -0.03437581 -0.01305075
 -0.02756276  0.10055722  0.04978455 -0.05740626 -0.01954741  0.01747086
  0.07804601  0.00491333 -0.03054271  0.02763636 -0.07841222 -0.05840705
  0.07744284 -0.00282916 -0.09686459  0.13075885 -0.01208137 -0.12676441
 -0.06121198 -0.03645773 -0.15255558 -0.07558666  0.01813193  0.00320973
  0.08894617  0.00167667 -0.01906361 -0.03412224  0.15617819 -0.08149338
 -0.0647224   0.03901942  0.03581597  0.00294405 -0.08944882 -0.09153882
 -0.04007317  0.09661147  0.00965792 -0.12646843 -0.0210679  -0.0189467
 -0.12387983 -0.13202622 -0.02676212 -0.06412282  0.001998   -0.06769158
 -0.06236536  0.03098432  0.04925178  0.03478286  0.04956414 -0.015923
  0.08562694  0.03841266 -0.06037813  0.08804142  0.00935633  0.04621438
 -0.12573242 -0.11402803  0.06084173  0.05915249 -0.04247329  0.01156796
  0.03855268 -0.0091822  -0.09268727 -0.0265485  -0.09865435 -0.05048685
 -0.04192756  0.09738339 -0.05315444  0.07688994 -0.06390022  0.07191018
  0.08819221 -0.00971895 -0.06979191  0.01153026  0.01064884  0.0403945
  0.04410329 -0.00246654  0.05123363  0.02030676  0.01828272 -0.03592278
 -0.00622828  0.07983039  0.01735283  0.05539838 -0.01816693  0.0351006
  0.11697522  0.04403956 -0.05614875 -0.05111515  0.00491153 -0.02139013
  0.00463867 -0.09154555 -0.02627384 -0.1469547   0.00992001  0.0771269
  0.0481886  -0.00641228  0.06460392 -0.08758904 -0.0319178  -0.00730716
  0.0789777   0.10677921  0.05145623 -0.02012926  0.02947605 -0.14825439
 -0.09238928 -0.09217902  0.00246295  0.00650653 -0.07310576  0.02924936
 -0.0718671   0.06017348  0.05636686 -0.02603688 -0.06765837  0.00982307
  0.06080897  0.09368358  0.03598404 -0.00934915  0.10602345 -0.01887781
  0.0103688  -0.10253502 -0.09691126  0.00572294  0.01449764 -0.03603228
 -0.00718734 -0.00308766  0.10473633  0.02998621 -0.12080294  0.10848281
 -0.00837259 -0.00377341 -0.08702895  0.01539432 -0.17787799 -0.00221971
  0.08397181 -0.05050839  0.01802871 -0.03476401  0.01518698 -0.00409295"
7,8,Harry Potter Boxed Set Books - Harry Potter - ,0439682584,9780439682589,"-4.66308594e-02  8.10546875e-02 -7.91015625e-02  1.38671875e-01
  1.04492188e-01  8.25195312e-02 -5.54199219e-02 -1.50390625e-01
  4.78515625e-02 -6.59179688e-02  4.58984375e-01  2.28515625e-01
  7.56835938e-02  3.88183594e-02 -2.79296875e-01 -1.48437500e-01
  2.22656250e-01 -1.54296875e-01  9.58251953e-03  1.90429688e-01
  2.41210938e-01  4.56542969e-02 -3.82995605e-03 -1.33789062e-01
  1.34765625e-01 -1.45507812e-01  3.41796875e-02  2.21679688e-01
 -5.02929688e-02  1.99218750e-01 -2.03125000e-01 -3.63281250e-01
 -1.74804688e-01 -3.30078125e-01  3.22265625e-01  9.39941406e-03
  1.55273438e-01 -8.15429688e-02  1.27929688e-01  5.00488281e-02
 -9.76562500e-02 -3.33984375e-01  1.33789062e-01 -6.68945312e-02
  6.50024414e-03 -1.98242188e-01 -1.54296875e-01 -3.90625000e-01
 -1.22070312e-01 -7.37304688e-02 -2.09960938e-01 -1.95312500e-01
  1.76757812e-01  2.61718750e-01  9.47265625e-02 -1.69921875e-01
 -5.95703125e-02 -7.81250000e-02  9.96093750e-02 -4.24804688e-02
 -1.04492188e-01  3.55468750e-01 -5.63964844e-02 -8.78906250e-02
 -4.54101562e-02  2.55859375e-01 -3.26171875e-01  8.64257812e-02
 -2.91015625e-01 -2.70996094e-02  8.54492188e-03 -1.01074219e-01
  1.39648438e-01  2.18750000e-01  4.12109375e-01 -3.57421875e-01
 -1.42578125e-01  7.12890625e-02  1.86523438e-01 -1.68945312e-01
 -1.90429688e-01  1.15356445e-02  5.31005859e-03 -3.96484375e-01
 -4.43359375e-01 -3.39843750e-01  1.33514404e-03 -7.01904297e-03
  2.89062500e-01  8.59375000e-02 -1.09863281e-01  1.95312500e-01
  4.10156250e-01 -4.37500000e-01  1.31835938e-01  1.81640625e-01
 -6.98242188e-02 -3.10546875e-01  7.81250000e-03 -1.83593750e-01
 -5.66406250e-02  1.17797852e-02 -7.76367188e-02 -2.33398438e-01
  5.03540039e-03 -2.35351562e-01  1.25000000e-01  7.95898438e-02
 -1.94335938e-01  2.10937500e-01  3.24707031e-02  2.17285156e-02
 -1.23535156e-01  7.03125000e-02  2.33398438e-01 -2.33398438e-01
 -4.16015625e-01  2.00195312e-01  6.52343750e-01 -6.10351562e-02
 -3.14941406e-02 -3.83300781e-02 -1.57226562e-01 -1.83593750e-01
 -5.46264648e-03 -8.78906250e-02  9.86328125e-02 -4.27246094e-02
 -2.15820312e-01  2.29492188e-01  4.86328125e-01 -8.49609375e-02
 -1.75781250e-02  2.23632812e-01  2.28515625e-01  1.68945312e-01
 -3.18359375e-01 -6.25000000e-02  2.79296875e-01  2.49023438e-01
  4.49218750e-02 -2.36511230e-04  5.15136719e-02  2.55859375e-01
 -1.22070312e-01  2.40234375e-01  6.34765625e-02  1.25000000e-01
 -1.06445312e-01  4.06250000e-01  1.09375000e-01 -1.45874023e-02
  1.89453125e-01  1.75781250e-02  1.95312500e-01  4.58984375e-02
 -2.56347656e-02 -1.34765625e-01 -2.65625000e-01 -1.18164062e-01
 -2.57812500e-01 -3.17382812e-02 -2.98828125e-01 -5.02929688e-02
 -2.19726562e-01  2.22656250e-01 -8.34960938e-02 -2.40234375e-01
 -3.82995605e-03  3.76953125e-01 -1.45507812e-01 -2.69531250e-01
 -1.57470703e-02 -4.04296875e-01 -3.55468750e-01 -1.98242188e-01
  3.97949219e-02 -2.71484375e-01  1.79443359e-02 -4.25781250e-01
 -2.89062500e-01  1.00585938e-01 -4.88281250e-02 -1.67236328e-02
 -1.63085938e-01 -3.59375000e-01 -9.13085938e-02 -1.59179688e-01
 -5.61523438e-02 -2.46093750e-01 -9.17968750e-02  1.60156250e-01
 -1.11816406e-01  6.83593750e-02  2.16796875e-01 -1.55273438e-01
 -1.95312500e-02 -1.56250000e-01  2.37304688e-01 -2.81250000e-01
  1.87500000e-01  3.24218750e-01 -2.40234375e-01  1.60156250e-01
  4.37011719e-02  1.49414062e-01  1.81579590e-03  1.79687500e-01
  2.79541016e-02 -1.34765625e-01 -3.45703125e-01  3.71093750e-02
  1.66015625e-01  3.14453125e-01 -1.72851562e-01  2.59765625e-01
 -1.56250000e-01 -2.08984375e-01 -7.08007812e-02 -1.08886719e-01
 -3.41796875e-01  4.95605469e-02  5.66406250e-02  1.23046875e-01
 -5.73730469e-02 -1.87500000e-01 -8.44726562e-02  1.95312500e-01
  2.04101562e-01  2.01171875e-01  8.25195312e-02 -1.52343750e-01
  7.51953125e-02  1.25976562e-01 -7.47680664e-03 -5.49316406e-02
  4.68750000e-02  1.00585938e-01  4.49218750e-01  2.02148438e-01
 -6.29882812e-02 -8.69140625e-02  4.96093750e-01  5.34667969e-02
 -3.44238281e-02  6.37817383e-03 -2.63671875e-01  1.70898438e-01
  1.03515625e-01  2.07031250e-01  1.51367188e-01  1.02539062e-01
 -1.19628906e-02  1.22070312e-01 -4.39453125e-01 -5.03540039e-03
 -3.32031250e-01 -2.65625000e-01  1.87988281e-02 -2.53906250e-01
  3.08593750e-01  9.86328125e-02  2.75878906e-02 -2.07031250e-01
 -1.59179688e-01  6.22558594e-02  1.09375000e-01 -1.71875000e-01
  2.81250000e-01 -2.71484375e-01  2.33398438e-01  1.87988281e-02
  1.67968750e-01  6.59179688e-02 -2.41210938e-01 -2.48046875e-01
  1.86523438e-01 -1.26953125e-01 -3.28125000e-01  2.41210938e-01
 -1.49414062e-01  3.14453125e-01 -5.76171875e-02  4.95605469e-02
  7.81250000e-02  2.35351562e-01 -2.77343750e-01 -1.56250000e-02
 -8.39843750e-02  2.22656250e-01  1.84570312e-01 -5.68847656e-02
 -2.25585938e-01  5.85937500e-03  2.50000000e-01  1.99218750e-01
 -2.51953125e-01  8.00781250e-02 -2.90527344e-02  2.91015625e-01"
8,9,Unauthorized Harry Potter Book Seven News Half-Blood Prince Analysis and Speculation,0976540606,9780976540601,"0.03393046  0.00672531 -0.04028829  0.01439667 -0.00807254 -0.01584244
  0.00446065 -0.03509267  0.03397878  0.01105245 -0.01075713 -0.04817454
  0.04425049  0.05702209 -0.17608897  0.02180227 -0.01564535  0.04158783
  0.00595601 -0.08827591  0.03779602  0.00256729 -0.0900116  -0.0010376
 -0.04998016  0.02028402 -0.04780706  0.09269206 -0.03973516 -0.04361979
 -0.0679156  -0.05614217 -0.02723567 -0.01017253  0.02061971 -0.00494385
 -0.01330821 -0.02538045  0.10335795 -0.03909302  0.06616974 -0.01656787
  0.00275167  0.10562642 -0.00077947 -0.08056641 -0.03838348  0.00293477
 -0.02782186 -0.01226298 -0.02312469  0.03210704 -0.07613118 -0.07142425
  0.01334381  0.03340149  0.00752513 -0.14494832  0.06322193 -0.0976429
  0.01637268  0.0126063  -0.09744517 -0.01790619 -0.00459544  0.0226237
 -0.04871368  0.08744812 -0.00644175  0.00533231  0.00658798  0.00120306
  0.07199987 -0.00671641 -0.09856415 -0.0068423   0.00278854  0.16371155
  0.00677236  0.03138192  0.08251953  0.01785787  0.04626211  0.03794098
  0.02625529 -0.07991791 -0.07934062  0.09101359  0.00483863  0.05507406
  0.0526123  -0.04197693 -0.0453008  -0.01103719 -0.05234273 -0.03255208
 -0.01546733 -0.00985718  0.02767817 -0.05799103  0.00723775 -0.02549458
  0.03537242 -0.05253116  0.00113169 -0.07518514 -0.02671178 -0.01540438
 -0.0043335  -0.09545898  0.01852163  0.026179   -0.02567418 -0.01293945
  0.0990804   0.00857798 -0.02230072 -0.02432251  0.16567993  0.04368095
 -0.03322347  0.02972921 -0.00606728  0.02981186  0.00579071  0.0050029
 -0.0278422  -0.01732254 -0.07092031  0.07176717 -0.04673258 -0.07554563
 -0.02403895  0.05269877  0.02689489  0.02485148  0.0921402  -0.0324262
  0.01035571  0.06606293  0.07400958 -0.04573313 -0.01624807  0.00470002
  0.0356706  -0.05011368  0.01215108  0.01085663 -0.00785065 -0.05783272
  0.04120127 -0.04823049 -0.02736664  0.08958435  0.01401806 -0.13265355
 -0.05782795 -0.0263265  -0.08176295 -0.03393046  0.03925578  0.04894129
  0.02380371  0.04124069  0.05281067 -0.02538617  0.0736262  -0.08503819
  0.00327682 -0.04573568  0.00216675 -0.07292493 -0.04859591 -0.10210292
  0.0103658  -0.02194977  0.04548391 -0.09073385 -0.04980469  0.01121902
 -0.10616048 -0.09678396  0.02066803 -0.10372416 -0.02123769 -0.02846273
 -0.00900523 -0.0099233   0.00519673  0.07205455 -0.00934855 -0.02442805
 -0.00854747 -0.05626043 -0.05855942 -0.02515666 -0.05693817 -0.05325317
 -0.05423991 -0.06849162 -0.00449038  0.08217112 -0.00286484  0.02852631
 -0.00732168  0.00435893 -0.02950501  0.04975891 -0.05588913  0.02257888
 -0.09170405  0.04598745 -0.03672028  0.03104146 -0.03334045  0.06149546
  0.1104126   0.01172781 -0.04008738  0.01282247  0.01117579  0.00343323
 -0.01945496 -0.03240585  0.03116099 -0.04339854  0.05880356  0.00766754
 -0.02488645 -0.00182851  0.02734375  0.01511129 -0.00794077 -0.01849365
  0.00081635 -0.01737722 -0.02303569  0.00647418 -0.03208605 -0.02757772
 -0.00232188 -0.06496366 -0.02205022 -0.13366826  0.06316249  0.00019836
 -0.02896786  0.06853739  0.02891541 -0.01595306  0.01928711  0.03731791
 -0.01565806  0.05252616  0.0642217  -0.07337189 -0.03849284 -0.0230484
 -0.04773712 -0.01433939  0.01273092  0.00512123 -0.05821737 -0.00670878
  0.02029928  0.06939769 -0.02984619 -0.06148338 -0.04215876 -0.06492217
  0.1122729   0.0824585   0.01847458 -0.0108846   0.0656484   0.02813466
  0.00925954 -0.06304423  0.02928162 -0.05989488 -0.0075175  -0.0170873
  0.01080824  0.02846273  0.06820679  0.04132334 -0.11926524  0.06539154
 -0.02492015  0.05523682 -0.03158569 -0.03802872 -0.06017844 -0.03448486
  0.02742767 -0.02355957  0.0062     -0.00203196  0.00094604  0.00117238"
9,10,Harry Potter Collection Harry Potter - ,0439827604,9780439827607,"0.1053788   0.04480944 -0.05911897  0.10001413  0.08238461  0.02511757
  0.01589805 -0.07858196  0.05973776  0.1151894  -0.01921965 -0.05785008
  0.02775453 -0.04299766 -0.03027002  0.10544867  0.0974346   0.07846069
  0.04779454 -0.07471346 -0.0005188   0.0531299  -0.03680099  0.04831414
 -0.04461349  0.00483141 -0.04298802  0.08655428  0.06461655 -0.06199887
 -0.0627345   0.00144878 -0.0429302   0.08186099 -0.00924522 -0.03098659
  0.00676848 -0.15195826  0.01896266  0.03139134  0.13184879 -0.06375122
  0.03225226  0.03840075 -0.00284295 -0.12845652  0.01660799  0.09952585
  0.06555176  0.01686548 -0.00705438  0.04555471  0.01163844 -0.03910105
 -0.03838148  0.01969187 -0.00889989 -0.15560752 -0.04464983 -0.02248824
 -0.03344405  0.08277451 -0.07624255 -0.09355083 -0.08141046 -0.00759085
 -0.10665171 -0.01489258 -0.00390063  0.07162476  0.13520251 -0.00894225
  0.06433587  0.01081286 -0.06156199  0.0138871   0.01305028  0.01241262
  0.03444391  0.05740437  0.03177442  0.00244713 -0.03644602  0.00608745
 -0.0088758  -0.04623574 -0.10310444 -0.01534552 -0.0056843   0.10681474
  0.03659941 -0.03762978 -0.06966521  0.01054944  0.02126593 -0.10528243
 -0.00400262  0.02997469 -0.0653044  -0.0510543  -0.02295554  0.01769216
  0.04437015 -0.00413754 -0.00431743 -0.02869937  0.12292802  0.00208001
 -0.02209794 -0.0125885   0.09871633  0.12591874  0.01158202 -0.00742777
  0.09597939 -0.00562327 -0.02358768 -0.0812912   0.10458374  0.06983707
 -0.05434217 -0.01926944  0.08060495  0.05638685 -0.03296059 -0.01482512
  0.03760408 -0.02545718 -0.00280601  0.06970857 -0.07186408 -0.02994256
 -0.04577315  0.0225027  -0.02822073  0.06253855 -0.03905808  0.01550293
 -0.03005821  0.07816355  0.0268503  -0.05685023 -0.03647814 -0.02236416
  0.08866079  0.01085301  0.0002859   0.0240334  -0.07789371 -0.0249955
  0.04084858  0.01852899 -0.08261108  0.08004921 -0.01550514 -0.11885774
 -0.04521661 -0.0169758  -0.15052876 -0.06623921 -0.01935698  0.00523537
  0.07711631  0.03360467 -0.01955936 -0.04454924  0.13777241 -0.03925584
 -0.09414512  0.03997481 -0.02450481 -0.01583059 -0.13768889 -0.07752027
 -0.04835109  0.07115013  0.03220207 -0.10163116 -0.07537521 -0.01137884
 -0.14433851 -0.10957095 -0.03688772 -0.08840782 -0.03053203 -0.12353516
  0.00630108  0.04675775  0.06316175  0.00693873  0.00389661 -0.03444953
  0.08509264  0.01475445 -0.06676925  0.10977655  0.04351485  0.03221371
 -0.09579307 -0.12750867  0.04718379  0.05883347 -0.0554392   0.01833625
  0.02842311 -0.02516736 -0.07272178 -0.05195216 -0.06957365 -0.01182155
 -0.0643696   0.0977205  -0.04885463  0.09154631 -0.04250135  0.07743113
  0.10910516  0.00833933 -0.10433799 -0.02370252 -0.00798597  0.04586631
  0.04379754  0.02903667  0.0576975   0.02034077  0.00288552 -0.01930478
 -0.00235146  0.05515972  0.0042315  -0.00174914 -0.0376876   0.04223713
  0.12590228  0.05494851 -0.05434378 -0.02321424  0.00488763 -0.0130543
  0.01584344 -0.08541709 -0.01688746 -0.15638813  0.01115658  0.03622115
  0.04169625 -0.00301321  0.07597271 -0.08992085 -0.04758815  0.05637079
  0.10425568  0.12460809  0.05286287 -0.0066972  -0.02672697 -0.14775969
 -0.06480327 -0.07353913  0.01966617  0.0029843  -0.07666899  0.00724316
 -0.02353869  0.05552673  0.03020517 -0.0743087  -0.07479296  0.03623561
  0.08544279  0.10527039  0.04075863 -0.02832031  0.08755172 -0.01623214
  0.00934159 -0.12921263 -0.06023527  0.03173828 -0.00322523 -0.05394223
 -0.03821403 -0.00817229  0.10956774  0.08424137 -0.12496145  0.07594058
  0.01515599  0.02487986 -0.11044151 -0.02193491 -0.16310521  0.00401467
  0.09950497 -0.05781635  0.0157286  -0.03492416  0.00956325 -0.01525236"
10,12,The Ultimate Hitchhiker's Guide Five Complete Novels and One Story Hitchhiker's Guide to the Galaxy - ,0517226952,9780517226957,"0.06520508  0.07581055  0.00946564  0.03546844 -0.0444397   0.02493652
  0.04493225 -0.08231438  0.11405762  0.07118408 -0.0170314  -0.08325012
 -0.02601875  0.01827793 -0.08570618  0.0791571   0.05303894  0.05029541
  0.05441162 -0.04936386  0.01793091  0.01364319 -0.01702884 -0.06932739
  0.02937164  0.01291382 -0.0348938   0.03630051  0.08744171 -0.06656128
 -0.03081509 -0.03836563 -0.06167206  0.04628601 -0.04102417 -0.00357117
  0.04415576 -0.02552322  0.05017242  0.07990005  0.0546109  -0.05694885
  0.0983136   0.03806213 -0.03753662 -0.05885895  0.01194397  0.02317322
  0.0323999  -0.01416382 -0.08982666  0.01932251 -0.01382996 -0.03493828
 -0.0445105  -0.01217346  0.01652161 -0.11212036  0.01834412 -0.07280182
 -0.02408264  0.09617279  0.00277817 -0.05909363 -0.02229012 -0.03025391
 -0.01809128  0.05351685 -0.05047607  0.0201059   0.01819931 -0.04093567
  0.03674072 -0.00677811 -0.12620834 -0.03924911  0.04407013  0.01906982
 -0.00311989  0.06568943  0.06708274  0.01141197 -0.00445374 -0.0640686
 -0.03847137 -0.02736122 -0.05931152  0.0669574   0.08367065  0.04637451
  0.03952282 -0.03188787 -0.0994693  -0.06489166 -0.04313232  0.02090942
  0.03746033  0.02308731  0.0200647  -0.0366037  -0.00270844  0.01198303
  0.01330635 -0.04207649 -0.0067112  -0.06283447  0.01411865  0.00199646
 -0.03682953 -0.02414978 -0.00054474 -0.01041931  0.04088745  0.02914024
  0.10556335 -0.00978943  0.0066626  -0.00025635  0.11464478  0.04417664
 -0.13361328 -0.01245621 -0.01114853  0.0116333  -0.06231659 -0.04706116
 -0.03428467  0.00788795 -0.02841919 -0.01427299 -0.03982361 -0.04423592
 -0.068188    0.0365979  -0.00926346  0.03420288  0.00158081  0.00350739
 -0.04191414  0.07796417  0.05756989 -0.03791138 -0.02616135  0.0271521
  0.047789    0.01796047 -0.06801666  0.01280457 -0.07413391 -0.07492554
  0.11708496 -0.01355766 -0.05955383  0.06491211  0.01298012 -0.0654332
 -0.03878235 -0.10443726 -0.01532318 -0.06116806 -0.0612384   0.06389435
  0.10264679 -0.03163696  0.01279251 -0.0703656   0.0990062  -0.04559807
 -0.02151649  0.04834534  0.01867432 -0.01699951 -0.00748718 -0.03759521
 -0.00238281 -0.02460068 -0.01471313 -0.03999115  0.00985214 -0.07507568
 -0.07510925 -0.098396    0.01565186 -0.04522343 -0.00864548 -0.04076965
 -0.02907104  0.05893867  0.05160919  0.03000122  0.07278778  0.00201202
  0.01504929  0.01434631 -0.08123291  0.08790192 -0.01541229 -0.00437256
 -0.12131577 -0.04141846  0.043573    0.07394318 -0.00626556 -0.05218109
  0.05494385  0.00336091 -0.07336426  0.01385254 -0.05332275 -0.04226303
 -0.09466431  0.05727997 -0.01968445 -0.01275696 -0.08954529  0.05707748
  0.06293213  0.01650269 -0.08584091 -0.01300171  0.02539551  0.0456897
  0.04279495  0.03393402  0.00685493 -0.02344376  0.06039795  0.02012829
  0.0415303   0.01623478  0.03804077 -0.05359436  0.03328468  0.01611816
  0.09488586 -0.01641876 -0.01743561 -0.05214966  0.04349308 -0.03209137
  0.07288269 -0.04896606 -0.01863983 -0.13674622 -0.00670111  0.04452911
  0.06502014  0.06041656  0.00288933 -0.05006287  0.01415283 -0.00457275
  0.06938156  0.11935333  0.01121338 -0.12676392  0.01695045 -0.05186752
 -0.06353954 -0.08040527 -0.02886173 -0.05293579 -0.04022461  0.04796295
  0.01056137  0.06401764 -0.00946167 -0.02589447 -0.09167389  0.01099998
 -0.01284851  0.05131195  0.09728516  0.0063501   0.04142761 -0.04683838
 -0.04194153 -0.02615768  0.0028362   0.06286133  0.02529419 -0.03012207
 -0.01217041  0.02522461  0.05734375 -0.02594971 -0.06780518  0.01771138
 -0.00172058  0.03662582 -0.07325195  0.024366   -0.10774231  0.01302109
 -0.02987457 -0.04397705 -0.01234741 -0.03021057  0.01011597 -0.00955231"
11,13,The Ultimate Hitchhiker's Guide to the Galaxy,0345453743,9780345453747,"0.06520508  0.07581055  0.00946564  0.03546844 -0.0444397   0.02493652
  0.04493225 -0.08231438  0.11405762  0.07118408 -0.0170314  -0.08325012
 -0.02601875  0.01827793 -0.08570618  0.0791571   0.05303894  0.05029541
  0.05441162 -0.04936386  0.01793091  0.01364319 -0.01702884 -0.06932739
  0.02937164  0.01291382 -0.0348938   0.03630051  0.08744171 -0.06656128
 -0.03081509 -0.03836563 -0.06167206  0.04628601 -0.04102417 -0.00357117
  0.04415576 -0.02552322  0.05017242  0.07990005  0.0546109  -0.05694885
  0.0983136   0.03806213 -0.03753662 -0.05885895  0.01194397  0.02317322
  0.0323999  -0.01416382 -0.08982666  0.01932251 -0.01382996 -0.03493828
 -0.0445105  -0.01217346  0.01652161 -0.11212036  0.01834412 -0.07280182
 -0.02408264  0.09617279  0.00277817 -0.05909363 -0.02229012 -0.03025391
 -0.01809128  0.05351685 -0.05047607  0.0201059   0.01819931 -0.04093567
  0.03674072 -0.00677811 -0.12620834 -0.03924911  0.04407013  0.01906982
 -0.00311989  0.06568943  0.06708274  0.01141197 -0.00445374 -0.0640686
 -0.03847137 -0.02736122 -0.05931152  0.0669574   0.08367065  0.04637451
  0.03952282 -0.03188787 -0.0994693  -0.06489166 -0.04313232  0.02090942
  0.03746033  0.02308731  0.0200647  -0.0366037  -0.00270844  0.01198303
  0.01330635 -0.04207649 -0.0067112  -0.06283447  0.01411865  0.00199646
 -0.03682953 -0.02414978 -0.00054474 -0.01041931  0.04088745  0.02914024
  0.10556335 -0.00978943  0.0066626  -0.00025635  0.11464478  0.04417664
 -0.13361328 -0.01245621 -0.01114853  0.0116333  -0.06231659 -0.04706116
 -0.03428467  0.00788795 -0.02841919 -0.01427299 -0.03982361 -0.04423592
 -0.068188    0.0365979  -0.00926346  0.03420288  0.00158081  0.00350739
 -0.04191414  0.07796417  0.05756989 -0.03791138 -0.02616135  0.0271521
  0.047789    0.01796047 -0.06801666  0.01280457 -0.07413391 -0.07492554
  0.11708496 -0.01355766 -0.05955383  0.06491211  0.01298012 -0.0654332
 -0.03878235 -0.10443726 -0.01532318 -0.06116806 -0.0612384   0.06389435
  0.10264679 -0.03163696  0.01279251 -0.0703656   0.0990062  -0.04559807
 -0.02151649  0.04834534  0.01867432 -0.01699951 -0.00748718 -0.03759521
 -0.00238281 -0.02460068 -0.01471313 -0.03999115  0.00985214 -0.07507568
 -0.07510925 -0.098396    0.01565186 -0.04522343 -0.00864548 -0.04076965
 -0.02907104  0.05893867  0.05160919  0.03000122  0.07278778  0.00201202
  0.01504929  0.01434631 -0.08123291  0.08790192 -0.01541229 -0.00437256
 -0.12131577 -0.04141846  0.043573    0.07394318 -0.00626556 -0.05218109
  0.05494385  0.00336091 -0.07336426  0.01385254 -0.05332275 -0.04226303
 -0.09466431  0.05727997 -0.01968445 -0.01275696 -0.08954529  0.05707748
  0.06293213  0.01650269 -0.08584091 -0.01300171  0.02539551  0.0456897
  0.04279495  0.03393402  0.00685493 -0.02344376  0.06039795  0.02012829
  0.0415303   0.01623478  0.03804077 -0.05359436  0.03328468  0.01611816
  0.09488586 -0.01641876 -0.01743561 -0.05214966  0.04349308 -0.03209137
  0.07288269 -0.04896606 -0.01863983 -0.13674622 -0.00670111  0.04452911
  0.06502014  0.06041656  0.00288933 -0.05006287  0.01415283 -0.00457275
  0.06938156  0.11935333  0.01121338 -0.12676392  0.01695045 -0.05186752
 -0.06353954 -0.08040527 -0.02886173 -0.05293579 -0.04022461  0.04796295
  0.01056137  0.06401764 -0.00946167 -0.02589447 -0.09167389  0.01099998
 -0.01284851  0.05131195  0.09728516  0.0063501   0.04142761 -0.04683838
 -0.04194153 -0.02615768  0.0028362   0.06286133  0.02529419 -0.03012207
 -0.01217041  0.02522461  0.05734375 -0.02594971 -0.06780518  0.01771138
 -0.00172058  0.03662582 -0.07325195  0.024366   -0.10774231  0.01302109
 -0.02987457 -0.04397705 -0.01234741 -0.03021057  0.01011597 -0.00955231"
12,14,The Hitchhiker's Guide to the Galaxy Hitchhiker's Guide to the Galaxy ,1400052920,9781400052929,"3.11005421e-02  8.24131110e-03 -5.54167919e-03  6.82905148e-02
 -2.82091972e-02  5.57790903e-02  3.36436736e-02 -8.37934445e-02
  6.11576178e-02  7.63878456e-03  5.00034430e-02 -9.73162529e-02
 -8.79737658e-03 -3.86520777e-02 -7.74676983e-02  1.09355829e-01
  4.16964017e-02  5.68397656e-02  4.82357710e-02 -5.41113829e-02
  1.12695939e-02  4.85276442e-02 -1.35124402e-02 -2.84189078e-02
  4.73844088e-02 -2.59047288e-03 -4.92397211e-02  5.11106833e-02
  5.36190913e-02 -5.31788361e-02 -4.14178310e-03 -6.69412857e-02
 -2.71058694e-02  1.66395138e-02  3.87494992e-03 -1.35998848e-03
  5.66014999e-02 -2.33655098e-02  7.81044593e-03  5.60873961e-02
  1.39598357e-02 -4.80250823e-02  9.77141551e-02  1.03545360e-01
 -4.82764611e-03 -8.30281576e-02 -3.02800888e-02  9.32605450e-03
  3.25583433e-02  5.28188852e-02 -6.77130283e-02  2.30603340e-03
 -2.61167869e-02 -4.39578325e-02 -2.21761068e-02  4.41487630e-03
  2.68038236e-02 -8.15867889e-02  1.12273387e-02 -5.81941849e-02
 -5.79364483e-03  7.70386916e-02 -3.95848201e-02 -1.01334009e-02
 -5.36647699e-02  1.88150650e-02 -2.38623986e-02 -2.04870762e-02
  2.61355669e-02  7.41823637e-02  5.85624499e-03 -2.45901255e-03
  3.28807342e-02 -2.10086138e-02 -1.41770583e-01 -1.89115084e-02
  1.41898913e-02  6.81856596e-02  1.95625501e-03  3.43998151e-02
  8.68170323e-02 -2.03473996e-02  3.54426457e-02 -9.28915953e-02
 -4.43357810e-02 -1.79383694e-02 -5.22593963e-02  7.02342498e-02
  5.76653114e-02  1.02059389e-01 -1.39544560e-03 -7.25238507e-02
 -8.92146184e-02 -3.05764614e-02 -1.03188539e-02 -1.40146109e-03
  6.69023563e-02  5.02616687e-02  1.57694694e-02 -4.62544759e-02
 -2.61668670e-02 -4.86866878e-02  1.29231184e-02 -3.97886619e-02
  1.29832732e-02 -4.76246369e-02 -1.13462790e-04  8.81253756e-03
  3.32328601e-02 -1.40967736e-02 -3.30278446e-02 -4.16305738e-02
  7.33329577e-02  2.05530754e-02  7.02585074e-02 -5.10183481e-02
 -2.52990723e-02 -2.61136569e-02  1.14608373e-01  5.56265024e-02
 -5.07812500e-02 -2.33076047e-02 -3.78291790e-02 -3.18806966e-02
 -1.56852527e-02  1.15027794e-03 -2.32483301e-02 -1.51566726e-02
  7.77963492e-03  4.96842311e-02 -4.65260041e-02 -1.02913881e-01
 -7.24440355e-02  5.89756110e-02 -2.39852514e-02  3.12625200e-02
  4.37817696e-02  4.35877091e-02 -5.03540039e-02  1.19986901e-01
  3.71125050e-02 -3.32739414e-02 -3.47389808e-02  4.40853804e-02
  4.98179900e-02  6.74954928e-02 -2.29703463e-02  1.94326547e-02
  1.31851588e-02 -3.80264673e-02  1.14385752e-01 -1.50819436e-02
 -4.54320663e-02  6.84477977e-02  3.09418898e-02 -7.61728531e-02
 -4.69094301e-02 -8.78186348e-02 -2.56504157e-02 -8.43662360e-02
 -5.80663926e-02  7.71194849e-02  1.26374074e-01  3.91094501e-02
  8.49171174e-03 -3.47681290e-02  1.32368039e-01 -3.28538357e-02
 -3.71625851e-02  4.12754157e-02  3.33114037e-02  2.33138647e-02
  4.35257692e-02  7.14170016e-03  2.96568259e-03 -5.18812522e-02
 -1.58026280e-03 -3.33019159e-02 -6.08835465e-03 -4.97514774e-03
 -3.60659086e-02 -5.56296324e-02  3.25689071e-02 -5.98164094e-02
  2.87259420e-02 -1.46472637e-02  8.54413937e-03  2.43049035e-02
  4.41741943e-02 -3.54246482e-02  3.37630052e-02  3.50466997e-02
  4.26596617e-02  4.42191882e-02 -5.33075577e-02  7.79274182e-02
 -2.49946790e-02 -2.83696101e-03 -5.56891026e-02 -5.62744141e-02
  1.15172557e-02  7.18180339e-02 -3.61046424e-02  5.93136518e-04
  1.97034004e-02 -3.88336182e-02 -2.94565054e-02  1.12523788e-02
 -1.08461038e-01 -4.85440768e-02 -5.82150190e-02 -1.31652050e-02
 -1.80476262e-02  7.99247546e-03 -3.88641357e-02  5.15089769e-02
  4.09326798e-02  3.01216321e-02 -9.67368101e-02 -6.54954177e-03
  2.57047996e-02 -2.10696489e-02  9.24698267e-02  1.11882136e-02
 -9.11282270e-03  1.21303461e-02  5.95883100e-02 -3.76383464e-03
  2.94077947e-02 -1.55572647e-02  3.01353259e-02 -4.18853760e-02
 -1.41045986e-02 -3.77481289e-02  9.08403641e-02  9.61812337e-03
 -7.42297050e-02 -6.90270448e-02  1.26291911e-02 -3.60420423e-03
  6.86989809e-02 -3.93953262e-02 -1.41382462e-02 -9.23939240e-02
 -7.08946815e-03  4.67913701e-02  1.12251869e-02  1.76649827e-02
  3.76635820e-02 -6.53659136e-02 -2.97430968e-02 -1.24093080e-02
  3.54131552e-02  1.22898200e-01  2.72725423e-02 -5.93860333e-02
  5.88267400e-02 -6.13794571e-02 -7.77806991e-02 -5.75394264e-02
 -1.04295779e-02 -9.25574669e-02 -8.62109845e-02  1.10724033e-02
  3.99316641e-02  7.53460419e-02 -2.90758182e-02  5.81242488e-03
 -1.00550725e-01  2.08343115e-02  1.31773337e-02 -1.79459009e-02
  3.34629157e-02  9.56029647e-02  2.49414689e-02 -5.67791279e-02
 -5.33353365e-02 -2.63268886e-02 -1.90492288e-02 -3.21983924e-02
  3.74051608e-02 -4.01761226e-02  1.97753906e-02  5.62947591e-02
  2.51394419e-02  9.91879977e-03 -1.06514173e-01  1.78786058e-02
  5.16185271e-02  7.83654237e-02 -7.03790127e-02  3.52370433e-02
 -1.07774001e-01 -1.14065317e-02 -2.73171449e-03 -4.52646109e-02
  3.97246923e-03 -1.55776586e-02  1.31225586e-02  3.28502166e-02"
13,15,The Hitchhiker's Guide to Lean Lessons from the Road,0872638316,9780872638310,"0.09843726  0.04607833 -0.03547588  0.07694656 -0.08672694  0.02668521
 -0.02933261 -0.08955544  0.05380088  0.0530524   0.01312577  0.02917802
  0.00085053  0.1631534  -0.09682505 -0.00260042 -0.0271494   0.07764957
 -0.08077842 -0.04508651 -0.04302898  0.0815767  -0.01784957  0.01097187
  0.09500107  0.02848896 -0.07063534  0.0288632   0.04726089 -0.13117298
 -0.01929353 -0.00951506  0.04978797 -0.00105527  0.01451673 -0.08935627
  0.01781444  0.0269944   0.06510423 -0.10926739  0.12859465 -0.01311633
  0.02599455 -0.00614206 -0.05184776 -0.03126767 -0.13651878  0.00917294
  0.00905971  0.05960324 -0.00249923 -0.05531391 -0.11074829 -0.05021908
  0.05565443 -0.0171312   0.01998741 -0.11327201  0.0172609   0.0145617
 -0.12259714  0.04388428 -0.21586689 -0.1042609   0.10597871  0.01761989
 -0.01882292  0.13836027 -0.00082919  0.03036338 -0.02272435 -0.03137368
  0.01602333 -0.02896761 -0.09235824 -0.10375716  0.01627711  0.13036146
 -0.02766258  0.07191307  0.15184904 -0.08815404  0.01463077 -0.03024412
  0.04272461 -0.07025668 -0.04275031  0.12337996  0.09333078  0.04982361
  0.02179919  0.00594812  0.00029714  0.0137554  -0.05949939 -0.10292294
 -0.00794983  0.03021561 -0.05180921 -0.04698392 -0.0580888  -0.07065482
  0.06834743  0.09675197  0.01088193 -0.09551279 -0.01842619 -0.00712666
  0.04389713 -0.09088295 -0.0367789  -0.04060444 -0.10823501  0.01140118
  0.16369549  0.04178459 -0.03352396 -0.05418637  0.14739508  0.04389231
 -0.07595986 -0.04128225  0.0134695   0.03344245 -0.15689408  0.03693912
  0.03491211  0.0226336  -0.02361579  0.05951891 -0.11218021 -0.01026595
 -0.00563491  0.05455489  0.0752451   0.00262451  0.04946076  0.03394398
  0.02069092  0.09963387  0.0477841  -0.03648718 -0.04910439  0.08114785
  0.01475224 -0.04200182 -0.0551814  -0.05524324  0.15770199 -0.00748805
  0.01994243 -0.06362594 -0.03561723  0.20149954 -0.06231268  0.00183211
 -0.06445574  0.04447853  0.00639263 -0.06567383 -0.02171828  0.01319966
  0.03698249  0.03691904  0.01908152 -0.06027704  0.00731458 -0.04150611
 -0.01683832 -0.0820453  -0.06355446 -0.08463006  0.0084879  -0.14220067
  0.06132708 -0.08612542  0.15766023 -0.05705502 -0.01142803 -0.0371165
 -0.20657509 -0.11549478  0.03829314 -0.08479068 -0.00838511 -0.10122359
 -0.03519269  0.00453588  0.06028828 -0.01101845  0.12785179 -0.10318234
  0.03035857 -0.04572417 -0.04940475  0.04045908 -0.01989585  0.01257003
 -0.01269692 -0.08782477 -0.02230835  0.09292101  0.0223999   0.00535302
 -0.05239386 -0.07369428 -0.01446051 -0.1361618   0.03236791  0.00471256
 -0.16803119  0.04612903 -0.00489887  0.09532401  0.00248492  0.00940222
  0.14713901  0.00183587 -0.08889449 -0.09264575  0.04008725  0.04584222
  0.00259199 -0.00796127  0.1390943  -0.15997314  0.03993305 -0.07006515
 -0.01356185  0.04338691 -0.01704246 -0.02885517  0.04072149  0.05696406
 -0.05323872  0.00890471 -0.11841784 -0.01391592 -0.02708837  0.0372969
  0.1078186   0.02954413 -0.03537349 -0.1616757   0.01408226 -0.1135013
 -0.02072244  0.03156481 -0.01755082  0.03470812  0.01717658  0.05169678
 -0.05482724  0.03529117  0.01670596 -0.11747109 -0.08656231  0.08444776
 -0.13780815  0.01468056  0.08577688 -0.021673   -0.10793972  0.03513784
  0.06019733 -0.00317383 -0.04949228 -0.05346358 -0.20695857 -0.05249104
  0.12154429  0.14341334  0.02716064 -0.00501392 -0.05602847 -0.03493781
 -0.10957899  0.0297707  -0.09656886 -0.01980109  0.04008725  0.02431207
  0.00362517 -0.0268908   0.00534098 -0.05177869 -0.0884801   0.08925107
  0.05173372  0.04612541 -0.15150371  0.04820834  0.00170304  0.04483755
  0.01069802 -0.09407852  0.07432958  0.05995259 -0.05586644  0.10295185"
14,16,The Hitchhiker's Guide to the Galaxy Hitchhiker's Guide to the Galaxy ,0739322206,9780739322208,"0.01893289  0.0382952   0.02201189  0.07885742 -0.05807931  0.00322614
  0.01888166 -0.04827009  0.06752232  0.05564662  0.05555071 -0.09109497
  0.04884189 -0.01834978 -0.08919852  0.06003135  0.04676601  0.02406039
  0.0645752  -0.03157261  0.01364136  0.05736433 -0.0007891  -0.01210676
  0.00952584  0.00024414 -0.02898298  0.02619716  0.09807478 -0.08726283
 -0.05063302 -0.06221226 -0.04481724  0.01623426 -0.00978742 -0.01377433
  0.03568377 -0.01906913  0.04251317  0.05499268  0.06397356 -0.0359448
  0.06827218  0.09975324 -0.04943848 -0.02417864 -0.00234985  0.06482697
  0.04481724 -0.00034877 -0.06631034  0.04454694 -0.02380371 -0.01563999
  0.02367292 -0.01766532  0.03749302 -0.09867913 -0.00258092 -0.03155518
  0.0083313   0.00572586  0.01006208 -0.0489502  -0.00998361  0.01044573
 -0.01381356 -0.00714983 -0.01739829  0.01844788 -0.02197048  0.00741141
  0.0241612   0.06243896 -0.09568787 -0.04896327 -0.01725987  0.07652065
  0.00322614  0.04478237  0.04873221  0.02986799 -0.01854597 -0.10171945
 -0.00369917 -0.00364031 -0.06748744  0.04781887  0.04026576  0.09169224
  0.03833008 -0.07305036 -0.05780901 -0.03361729 -0.01487296 -0.05242048
 -0.01503209  0.02772304  0.05573382 -0.07670593 -0.02148329  0.0465611
 -0.00684656 -0.05277361 -0.0083531  -0.04668318 -0.01604353  0.0062779
 -0.01740374 -0.03795896  0.01093238  0.02626692  0.05494908  0.01238142
  0.05389404 -0.04446193 -0.07671247  0.02811977  0.18041992  0.05706351
 -0.08201381 -0.09030151  0.01381084 -0.01832799 -0.04115513  0.00527518
 -0.0484096   0.03143311 -0.04837472  0.04418073 -0.09672328  0.00878034
 -0.08283343  0.0758667   0.00790623  0.03658622 -0.01092529 -0.01285226
 -0.0202277   0.05896323  0.10313198 -0.01753453  0.02518191  0.02862767
  0.03419222 -0.00491115 -0.07609776  0.00617327 -0.05444336 -0.04572405
  0.14612688  0.02556501 -0.00144741  0.02879116  0.02261789 -0.1368975
 -0.03841073 -0.00858852 -0.05111694 -0.14467076 -0.03543527  0.0599278
  0.07771301 -0.02594866  0.0077689  -0.04997907  0.1073434  -0.130767
 -0.03721401  0.02638463  0.04541016  0.00275966  0.02078247 -0.0428494
 -0.02678571 -0.07038225 -0.02485003 -0.03512137  0.01969746 -0.03861346
 -0.0009504  -0.04692078 -0.01676614 -0.0826634   0.02638463 -0.05011858
 -0.0035553   0.02608817  0.08791678  0.06699044  0.0536935   0.01261738
  0.09469822 -0.02094378 -0.04537528  0.08636911 -0.00973947  0.01599666
 -0.10344587 -0.08231027  0.06516811  0.03421456 -0.02822004  0.00514439
  0.07352121  0.00962612 -0.10921805 -0.02560861 -0.11866106  0.00814383
 -0.06048584  0.0726144  -0.02156285  0.03773717 -0.10789272  0.06272234
  0.027165    0.04478237 -0.06646729  0.00507246  0.06387765  0.06191145
  0.0687561   0.03065709  0.01144409  0.06871687  0.00917271 -0.05607169
  0.03528268 -0.04853167  0.04349627 -0.03585379  0.00036621 -0.03480748
  0.0638079   0.0219683  -0.05704607  0.03903634 -0.0227356  -0.03383963
  0.05569894 -0.052948   -0.04182652 -0.08319092 -0.04918344  0.0697888
  0.03529555 -0.02633013  0.0569676  -0.08891078 -0.01601737  0.0229405
  0.06803567  0.12486921  0.06134033 -0.07389614  0.02115304 -0.0974884
 -0.0559845  -0.0402832   0.00200544 -0.06719971  0.01946967  0.03730992
  0.04829352  0.08754185 -0.00026158  0.00134277 -0.0803397   0.02199963
  0.01855469  0.06392125  0.04020691  0.02324568  0.04677037 -0.04652623
 -0.05251639  0.0370745  -0.01643372  0.00924247  0.03686523 -0.07372829
 -0.02418246 -0.03932408  0.05857631  0.06098284 -0.14014108  0.04809134
  0.02424186  0.08290318 -0.04441616  0.05169078 -0.11765834 -0.0224435
 -0.01722172 -0.04384068  0.01331847 -0.00246429  0.01861572 -0.00941685"
15,17,The Hitchhiker's Guide to the Galaxy Quandary Phase Hitchhiker's Guide Radio Play ,1572704888,9781572704886,"0.07015381  0.03606644 -0.02543449  0.05193024 -0.00091705  0.00288086
  0.05158081 -0.07526855  0.11065674  0.07561951 -0.01462402 -0.13379517
  0.00113525  0.02168884 -0.06184692  0.1266449   0.00504761  0.07603798
  0.03112793 -0.0494195   0.04615593  0.16934814  0.04133205 -0.0242157
  0.02992554  0.0473999  -0.02963486  0.09355774  0.0680069  -0.05821457
 -0.0532196   0.01498718  0.00482101 -0.04170532  0.00350647  0.01166077
  0.10260925 -0.01737251  0.07631836  0.06390824  0.08716986 -0.06563721
  0.10950317  0.0927002  -0.02026215  0.0168335  -0.0555191   0.02568359
  0.07148438  0.00102844 -0.05842896  0.03497009 -0.04229126 -0.05095825
  0.01693726  0.01563721  0.00274658 -0.1108429   0.0815033  -0.09042664
 -0.02069397  0.08847046 -0.09552612 -0.01038208  0.04632416 -0.00177622
 -0.08131104  0.10343628  0.02233276  0.0268158  -0.0084343   0.02241211
  0.07591248  0.02678833 -0.08755341 -0.00109177  0.11542664 -0.00506439
  0.05820313  0.11819458  0.05730247  0.00080719  0.01343384 -0.07606201
 -0.1274929  -0.05617828 -0.16733704  0.05666351  0.06675568  0.05316162
  0.00880737 -0.01448975 -0.09753876 -0.06490173 -0.02208557  0.0486721
  0.01074905  0.01906281 -0.06955261 -0.03845825 -0.0295105  -0.01920166
 -0.01060691  0.00287018  0.0051281  -0.02630615  0.01364441 -0.06538391
  0.04002075 -0.07685757  0.00569     0.0908493   0.04423065  0.0124649
  0.1310833   0.00206604  0.00640526  0.05644836  0.09249268  0.02389278
 -0.03768311 -0.04226379 -0.01436768  0.07383423  0.00343933 -0.01940022
 -0.04268188  0.03643951 -0.02645569 -0.00924835 -0.04818115 -0.12445831
 -0.00927887  0.03327637 -0.01571045  0.03918762  0.01888733 -0.01338501
 -0.02271729  0.07041168  0.04714966 -0.04147949  0.06599693  0.0539917
  0.0486763   0.01849823  0.00020752 -0.00939941 -0.03942871 -0.02617159
  0.07136152  0.0315063  -0.02389755  0.03808899 -0.03366394 -0.13904114
 -0.07725143 -0.08256226 -0.02405701 -0.02249146 -0.02979736  0.09031067
  0.02475548  0.00867615  0.04819489 -0.00078125  0.09359741 -0.05061035
 -0.00844994 -0.03352356 -0.01644287  0.01911621  0.02485352 -0.18171997
 -0.00086212  0.07206516 -0.0302002  -0.04554443 -0.0949707   0.03276062
 -0.02954865 -0.07941284 -0.01893959  0.0056366   0.02768836 -0.02465515
 -0.13377228  0.02360535  0.0548954   0.01070862  0.00296021  0.00261841
  0.03286435 -0.05295105 -0.09750977  0.03224792 -0.03535461  0.01285477
 -0.06703796 -0.012603    0.05309448  0.04906006 -0.00169144 -0.00583344
  0.05290527 -0.03971634 -0.05859985  0.0015564  -0.00522461 -0.01766968
 -0.06331177  0.06314697  0.06743164 -0.01540527 -0.00449829 -0.00475464
  0.09641113 -0.00834351 -0.07242126 -0.03187256  0.00980682  0.03316803
 -0.01375732  0.03197937 -0.00620956 -0.06534424  0.02140541 -0.0256586
  0.01009674  0.00829163 -0.01114502 -0.03585281 -0.00259094  0.07893982
  0.04933014 -0.02159195 -0.03337708 -0.02791138  0.0678894  -0.00278625
  0.06391449 -0.08157349 -0.04231262 -0.10852814  0.00991211  0.03586426
  0.03061523  0.05219574  0.02598419 -0.02752991  0.00747375  0.09853439
  0.03374252  0.06072693 -0.01174316 -0.00261688  0.00134277 -0.05281982
 -0.06668091 -0.11479874 -0.02945271  0.07915039 -0.03831635  0.03966675
  0.03123779  0.17533875 -0.07130737 -0.05117197 -0.10230713 -0.01522522
  0.06176147  0.09420147  0.08567009  0.0215271   0.04695129 -0.04043579
 -0.00489502 -0.01113892 -0.01038208  0.05983276 -0.00402222 -0.06082444
  0.02723694  0.02462921  0.05184631 -0.05100708 -0.02829285 -0.02176361
 -0.02813721  0.05291901 -0.09325485  0.01736107 -0.0743103  -0.12061768
  0.00130005 -0.07967529 -0.05330811 -0.00400391  0.00992241 -0.08979492"
16,18,The Ultimate Hitchhiker's Guide Hitchhiker's Guide to the Galaxy - ,0517149257,9780517149256,"0.06520508  0.07581055  0.00946564  0.03546844 -0.0444397   0.02493652
  0.04493225 -0.08231438  0.11405762  0.07118408 -0.0170314  -0.08325012
 -0.02601875  0.01827793 -0.08570618  0.0791571   0.05303894  0.05029541
  0.05441162 -0.04936386  0.01793091  0.01364319 -0.01702884 -0.06932739
  0.02937164  0.01291382 -0.0348938   0.03630051  0.08744171 -0.06656128
 -0.03081509 -0.03836563 -0.06167206  0.04628601 -0.04102417 -0.00357117
  0.04415576 -0.02552322  0.05017242  0.07990005  0.0546109  -0.05694885
  0.0983136   0.03806213 -0.03753662 -0.05885895  0.01194397  0.02317322
  0.0323999  -0.01416382 -0.08982666  0.01932251 -0.01382996 -0.03493828
 -0.0445105  -0.01217346  0.01652161 -0.11212036  0.01834412 -0.07280182
 -0.02408264  0.09617279  0.00277817 -0.05909363 -0.02229012 -0.03025391
 -0.01809128  0.05351685 -0.05047607  0.0201059   0.01819931 -0.04093567
  0.03674072 -0.00677811 -0.12620834 -0.03924911  0.04407013  0.01906982
 -0.00311989  0.06568943  0.06708274  0.01141197 -0.00445374 -0.0640686
 -0.03847137 -0.02736122 -0.05931152  0.0669574   0.08367065  0.04637451
  0.03952282 -0.03188787 -0.0994693  -0.06489166 -0.04313232  0.02090942
  0.03746033  0.02308731  0.0200647  -0.0366037  -0.00270844  0.01198303
  0.01330635 -0.04207649 -0.0067112  -0.06283447  0.01411865  0.00199646
 -0.03682953 -0.02414978 -0.00054474 -0.01041931  0.04088745  0.02914024
  0.10556335 -0.00978943  0.0066626  -0.00025635  0.11464478  0.04417664
 -0.13361328 -0.01245621 -0.01114853  0.0116333  -0.06231659 -0.04706116
 -0.03428467  0.00788795 -0.02841919 -0.01427299 -0.03982361 -0.04423592
 -0.068188    0.0365979  -0.00926346  0.03420288  0.00158081  0.00350739
 -0.04191414  0.07796417  0.05756989 -0.03791138 -0.02616135  0.0271521
  0.047789    0.01796047 -0.06801666  0.01280457 -0.07413391 -0.07492554
  0.11708496 -0.01355766 -0.05955383  0.06491211  0.01298012 -0.0654332
 -0.03878235 -0.10443726 -0.01532318 -0.06116806 -0.0612384   0.06389435
  0.10264679 -0.03163696  0.01279251 -0.0703656   0.0990062  -0.04559807
 -0.02151649  0.04834534  0.01867432 -0.01699951 -0.00748718 -0.03759521
 -0.00238281 -0.02460068 -0.01471313 -0.03999115  0.00985214 -0.07507568
 -0.07510925 -0.098396    0.01565186 -0.04522343 -0.00864548 -0.04076965
 -0.02907104  0.05893867  0.05160919  0.03000122  0.07278778  0.00201202
  0.01504929  0.01434631 -0.08123291  0.08790192 -0.01541229 -0.00437256
 -0.12131577 -0.04141846  0.043573    0.07394318 -0.00626556 -0.05218109
  0.05494385  0.00336091 -0.07336426  0.01385254 -0.05332275 -0.04226303
 -0.09466431  0.05727997 -0.01968445 -0.01275696 -0.08954529  0.05707748
  0.06293213  0.01650269 -0.08584091 -0.01300171  0.02539551  0.0456897
  0.04279495  0.03393402  0.00685493 -0.02344376  0.06039795  0.02012829
  0.0415303   0.01623478  0.03804077 -0.05359436  0.03328468  0.01611816
  0.09488586 -0.01641876 -0.01743561 -0.05214966  0.04349308 -0.03209137
  0.07288269 -0.04896606 -0.01863983 -0.13674622 -0.00670111  0.04452911
  0.06502014  0.06041656  0.00288933 -0.05006287  0.01415283 -0.00457275
  0.06938156  0.11935333  0.01121338 -0.12676392  0.01695045 -0.05186752
 -0.06353954 -0.08040527 -0.02886173 -0.05293579 -0.04022461  0.04796295
  0.01056137  0.06401764 -0.00946167 -0.02589447 -0.09167389  0.01099998
 -0.01284851  0.05131195  0.09728516  0.0063501   0.04142761 -0.04683838
 -0.04194153 -0.02615768  0.0028362   0.06286133  0.02529419 -0.03012207
 -0.01217041  0.02522461  0.05734375 -0.02594971 -0.06780518  0.01771138
 -0.00172058  0.03662582 -0.07325195  0.024366   -0.10774231  0.01302109
 -0.02987457 -0.04397705 -0.01234741 -0.03021057  0.01011597 -0.00955231"
17,19,The Hitchhiker's Guide to the Galaxy Quintessential Phase Hitchhiker's Guide Radio Play ,0792738586,9780792738589,"0.11911883  0.02029528 -0.0020752  -0.00189645  0.0110821  -0.01715524
  0.03269741 -0.06131036  0.0675572   0.10456412  0.01163592 -0.08329228
 -0.00313241  0.07128906 -0.09217181  0.08647592  0.04418727  0.04993684
  0.03026254 -0.0593774   0.04442542  0.07488033  0.05356925 -0.05165318
  0.03254482  0.00764193 -0.04028974  0.07219042  0.10013253 -0.07118988
 -0.07159206 -0.02733203 -0.02569144  0.0143171   0.0204555   0.01870401
  0.0283754  -0.04941068  0.08826882  0.00978088  0.0972993  -0.0991418
  0.05910165  0.06737409 -0.00722476 -0.08814784 -0.01392909  0.05305045
  0.0325737  -0.00165122 -0.01112148  0.04874747 -0.0338222  -0.0491769
  0.01044519  0.01891654 -0.00353786 -0.10623714  0.03817913 -0.07136972
  0.01429803  0.05639615 -0.06031459 -0.02417387  0.01437596 -0.01596069
 -0.06229074  0.07859421 -0.00236566  0.00623213  0.00903756 -0.01266479
  0.07291085  0.03816632 -0.12385014 -0.03612464  0.06319509  0.0692749
  0.05691964  0.0774231   0.03942599 -0.06192671 -0.00372314 -0.07959638
 -0.07266317 -0.03532846 -0.10105896  0.05180359  0.05829947  0.0616891
  0.01828241 -0.00285612 -0.10833958 -0.04254096 -0.02652196 -0.05629621
  0.00573635  0.00166648  0.02025495 -0.012643    0.01023865  0.02471106
  0.00970095 -0.01749093 -0.00712722 -0.11834703  0.01278632 -0.01690129
 -0.01309477 -0.02785437 -0.01075418  0.03453881  0.05864116  0.00283378
  0.1304888  -0.04824175  0.00416047 -0.04459708  0.12823486  0.05763255
 -0.07913644 -0.03247479  0.00239999  0.0553627   0.00191164 -0.00653676
 -0.03953879  0.0244533  -0.07589286  0.05296925 -0.0425851  -0.06677573
 -0.08710698  0.01044791  0.02621678  0.03010532  0.05169759 -0.00091934
 -0.05085863  0.08239964  0.00719425 -0.05161721 -0.0189209   0.03788103
  0.09824807  0.01924951  0.00828334  0.08607919 -0.06626129 -0.0871439
  0.02158029 -0.03245657  0.01108224  0.05056327 -0.02581351 -0.09926741
 -0.07758767 -0.06821224 -0.00769206 -0.06303515 -0.04266466  0.02310181
  0.04471752 -0.01127842 -0.01884733  0.00310843  0.11264038 -0.06628173
 -0.04549571  0.04694257 -0.01129804 -0.03897803  0.02640424 -0.13343811
  0.00403268 -0.04430919 -0.01379177 -0.0140934  -0.01480539 -0.03963361
 -0.07360622 -0.11863926 -0.02925709 -0.08578546  0.01826787 -0.04367392
 -0.02891868  0.04772077  0.06558446  0.04924665  0.09624454  0.01177652
  0.04176655 -0.00851222 -0.03257207  0.04530225 -0.01472255  0.04219709
 -0.07308306 -0.06212071  0.03741673  0.04302597 -0.03456552  0.00355888
  0.08403342 -0.02515084 -0.02370344 -0.00137384 -0.06353651 -0.01570565
 -0.09887641  0.09834235  0.06963893  0.02153451 -0.04514204 -0.00714547
 -0.00877816 -0.01012312 -0.06415449 -0.0040463  -0.0058245   0.06439972
  0.08468165  0.04180472  0.0442919  -0.03388214 -0.00066267  0.03677586
  0.03689139  0.01451002  0.01602173  0.02635043 -0.00514657  0.06137739
  0.11505781  0.01583208 -0.03254918 -0.03407369  0.05317416 -0.06185096
  0.06681824 -0.08628409 -0.00119959 -0.08379255  0.0350744   0.01342024
  0.05370304  0.06904221 -0.00690275 -0.02482605 -0.01984024  0.03800746
  0.02576991  0.06005423 -0.02170672 -0.0991027   0.01921626 -0.00326974
 -0.06957136 -0.09946496 -0.00503213  0.01419285 -0.05625316  0.02977044
  0.03304618  0.09418597 -0.08261871 -0.0201198  -0.04872295 -0.01469108
  0.01524462  0.07521057  0.00387137  0.03028543  0.06375013 -0.03532573
 -0.01591819 -0.08307321 -0.02747454  0.02406747 -0.03372955 -0.04988589
 -0.01453972  0.04265268  0.09632157 -0.00981576 -0.11305073  0.00336892
  0.00165013 -0.00923538 -0.04341343 -0.02637427 -0.09240719 -0.01781246
 -0.01393127 -0.03502001  0.01678249 -0.00449044 -0.04393659 -0.02002498"
